enrol my child in a MOE school,How do I enrol my child in a MOE school?
enrol my child in a MOE school,My name is Archana. I am looking for admissions for my children 6 years and 12 years for this academic year for Primary and Secondary admissions. Could you help?
enrol my child in a MOE school,Hi Jamie what are the options for a returning Singaporean wanting to gain admission to secondary 2 next year
enrol my child in a MOE school,I am looking for admission for my son who is 7+
enrol my child in a MOE school,How to register 2011 child to p1
enrol my child in a MOE school,indonesia student admission
enrol my child in a MOE school,I want to transfer to MOE school
enrol my child in a MOE school,So my sister had registered for her daughter to do the admission test for sec 1 on the 20th July and she needs to submit the copied documents within a week
enrol my child in a MOE school,Tell me if I was born on 22012004 and I am a foreign student then which exam I can give
enrol my child in a MOE school,Query for P2 Admission
enrol my child in a MOE school,admission for secondary school
enrol my child in a MOE school,what is the admission criteria for P1 or P2
enrol my child in a MOE school,how do I enrol my child in a moe school
enrol my child in a MOE school,international student admission to secondary school
enrol my child in a MOE school,parent is a PR Child is also a PR Child currently studying in Malaysia requesting for admission in P4 What is the procedure
enrol my child in a MOE school,My son wants to get admission in Raffles institution He is a Singaporean studied in UK Did his IGCSE
enrol my child in a MOE school,Hi I am a returning Singaporean with 2 kids My Son will be in Pri 6 next year 2019 We will be returning around April 2019
enrol my child in a MOE school,i just want to check with you on what are the requirements of getting my fiances son to study here in singapore he is a foreigner and we are pal
enrol my child in a MOE school,Hi Jamie Will you be able to tell me the process for admission in class 8th for an nonSinporean
enrol my child in a MOE school,do i have to pay to register my child in primary school
obtain a replacement certificate,How do I obtain a replacement certificate conferred from national examinations?
obtain a replacement certificate,Statement of resultz
obtain a replacement certificate,hi i need to print out my assessment 2016 and 2017 how can proceed it
obtain a replacement certificate,I was a private candidate for gce o level in 2013how can i obtain my o levels certificatr
obtain a replacement certificate,How to get PSLE certificate 2014
obtain a replacement certificate,how can i apply my certificate
obtain a replacement certificate,IF CANT FIND SCHOOL CERTIFICATE
obtain a replacement certificate,lost O LEVELS certificate
obtain a replacement certificate,Collect a level certificate
obtain a replacement certificate,i misplace my N level certificate how do i get a replacement
obtain a replacement certificate,Lost of certificate gce 0level
obtain a replacement certificate,I am looking to replace my n level cert
obtain a replacement certificate,PSLE n O levels
obtain a replacement certificate,Hello Jamie Im trying to apply for reissuance of Statement of Results GCE OLevels as a proxy on behalf of my brother who does not live in Singapore anymore MOE Kindergart
obtain a replacement certificate,i need to replacement certificate
obtain a replacement certificate,can request to reprint award certificate
obtain a replacement certificate,Hi there I would like to purchase my Olvl results
obtain a replacement certificate,If walk in will I get on the spot
obtain a replacement certificate,hi am i able to ask about the collection of o level results
obtain a replacement certificate,i lose my wise certificate
School and Miscellaneous Fees payable,What are the current School and Miscellaneous Fees payable?
School and Miscellaneous Fees payable,how much does secondary 2 cost
School and Miscellaneous Fees payable,how much is the school fees for primay school
School and Miscellaneous Fees payable,Hi I would like to know as a EP holder how much is the primary school fees for a local school per month in 2019 Many thanks
School and Miscellaneous Fees payable,Methodist Girls Secondary school fee
School and Miscellaneous Fees payable,noI need to know the school fees for P2
School and Miscellaneous Fees payable,may i know what is the amount of school fees that Eunoia JC is charging
School and Miscellaneous Fees payable,primary school fees for PR
School and Miscellaneous Fees payable,School fee for foreign student from ASEAN countries
School and Miscellaneous Fees payable,School and miscellaneos feez
School and Miscellaneous Fees payable,regards sec sch fee
School and Miscellaneous Fees payable,acjc school fees
School and Miscellaneous Fees payable,2020 school fee
School and Miscellaneous Fees payable,what is a school fee to msp next year?
School and Miscellaneous Fees payable,how much is secondary school fee for a non pr
School and Miscellaneous Fees payable,can i ask request for school fees details
School and Miscellaneous Fees payable,father PR child Malaysia how about school fee
School and Miscellaneous Fees payable,p3 school fees
School and Miscellaneous Fees payable,Annual fees for junior college Child is a PR
School and Miscellaneous Fees payable,what is the fee structure for P1
dates and phases of registration,What are the dates and phases of registration and the dates of result announcements?
dates and phases of registration,Why I can register primary school
dates and phases of registration,When will we know the result of phase 2c supplementary
dates and phases of registration,What is the date to register primary one
dates and phases of registration,Tomorrow still able to register for primary school
dates and phases of registration,May I know phase 2 C registration date
dates and phases of registration,homeschool distance registration
dates and phases of registration,we are staying 12km from the school we want our son to enroll Do we fall in Phase1
dates and phases of registration,May I know what is the difference between Phase 2A1 a Phase 2A2 a
dates and phases of registration,If the school is within 1km which phase it belong
dates and phases of registration,If we live 1km from school which phase does it fall under
dates and phases of registration,my kid is going to attend P1 he has no siblings in the school of choice but the school is near our house which phase are we in
dates and phases of registration,Hi Jamie when will MOE publish the dates for P1 registration
dates and phases of registration,Hi Jamie can i check if the kid has cousins in a particular primary school can the kid be automatically be enrolled into the school
dates and phases of registration,when a kid can start P1
dates and phases of registration,p1 registration dates 2019
dates and phases of registration,when is Primary one registration
dates and phases of registration,how about 2019 P1 registration exercise
dates and phases of registration,May I know when the 2a2 balloting will start
dates and phases of registration,When will the dates for 2019 Primary 1 registration be made available